"negara","sales_max","sales_min","rata_rata"
"France","962500","1763.86","173958.37350000005"
"Germany","1017338","1685.6","167895.29157142865"
"Canada","1038082.5","1655.08","177768.96350000004"
"United States of America","1159200","1730.54","178784.50128571436"
"Mexico","848172.5","2508.66","149638.22935714285"
